{
  "by_bucket": {
    "early": {
      "n": 623,
      "r_bad_mean": 0.05698234349919743,
      "r_bad_se": 0.00638292838637935,
      "r_fix_mean": 0.6368378812199037,
      "r_fix_se": 0.016659227171045433,
      "delta_mean": 0.5798555377207063,
      "delta_se": 0.01766304322086803,
      "delta_ttest_t": 32.80238687936501,
      "delta_ttest_p": 9.162053762262215e-138
    },
    "late": {
      "n": 567,
      "r_bad_mean": 0.04343033509700176,
      "r_bad_se": 0.006003413867826699,
      "r_fix_mean": 0.6127645502645502,
      "r_fix_se": 0.018634705042272076,
      "delta_mean": 0.5693342151675485,
      "delta_se": 0.019213193936669808,
      "delta_ttest_t": 29.606318298257165,
      "delta_ttest_p": 4.440121126611708e-117
    }
  },
  "by_tau": {
    "2": {
      "n": 316,
      "r_bad_mean": 0.05814873417721519,
      "r_fix_mean": 0.6200553797468354,
      "delta_mean": 0.5619066455696202,
      "delta_se": 0.024784710829124375
    },
    "3": {
      "n": 307,
      "r_bad_mean": 0.05578175895765472,
      "r_fix_mean": 0.6541123778501629,
      "delta_mean": 0.5983306188925082,
      "delta_se": 0.0251349661778332
    },
    "4": {
      "n": 194,
      "r_bad_mean": 0.05670103092783505,
      "r_fix_mean": 0.592139175257732,
      "delta_mean": 0.5354381443298969,
      "delta_se": 0.03253647293160879
    },
    "5": {
      "n": 212,
      "r_bad_mean": 0.05070754716981132,
      "r_fix_mean": 0.6606721698113207,
      "delta_mean": 0.6099646226415094,
      "delta_se": 0.031701102763850936
    },
    "6": {
      "n": 161,
      "r_bad_mean": 0.017857142857142856,
      "r_fix_mean": 0.5745341614906833,
      "delta_mean": 0.5566770186335404,
      "delta_se": 0.03571766643732669
    }
  },
  "between_bucket_test": {
    "delta_early_mean": 0.5798555377207063,
    "delta_early_std": 0.4412232466378275,
    "delta_late_mean": 0.5693342151675485,
    "delta_late_std": 0.4579039710155143,
    "welch_t": 0.40279849284713615,
    "welch_p": 0.6871701902879896,
    "mann_whitney_U": 174294.5,
    "mann_whitney_p": 0.6853293257149999,
    "cohens_d": 0.023399385963586528,
    "n_early": 623,
    "n_late": 567
  },
  "relative_position_test": {
    "spearman_rho_delta": 0.1375628898205492,
    "spearman_p_delta": 1.906459723508291e-06,
    "spearman_rho_r_bad": -0.2064303807560945,
    "spearman_p_r_bad": 6.422102264259874e-13,
    "median_split_welch_t": -2.653927906375004,
    "median_split_welch_p": 0.008065536815632032,
    "terciles": {
      "boundaries": [
        0.4,
        0.625
      ],
      "means": [
        0.4881599378881988,
        0.5798832271762208,
        0.639168765743073
      ],
      "ns": [
        322,
        471,
        397
      ]
    }
  },
  "n_paired_samples": 1190
}