{
  "by_bucket": {
    "early": {
      "n": 185,
      "r_bad_mean": 0.07400458494208495,
      "r_bad_se": 0.012609927937543614,
      "r_fix_mean": 0.7547570785070784,
      "r_fix_se": 0.022776915627639855,
      "delta_mean": 0.6807524935649936,
      "delta_se": 0.025463540625866213,
      "delta_ttest_t": 26.662047469376116,
      "delta_ttest_p": 4.167558299063963e-65
    },
    "late": {
      "n": 220,
      "r_bad_mean": 0.06411356872294373,
      "r_bad_se": 0.009885980138217778,
      "r_fix_mean": 0.678957656926407,
      "r_fix_se": 0.024364788158443108,
      "delta_mean": 0.6148440882034631,
      "delta_se": 0.025267628053686438,
      "delta_ttest_t": 24.277906989502505,
      "delta_ttest_p": 4.9166050653747145e-64
    }
  },
  "by_tau": {
    "2": {
      "n": 95,
      "r_bad_mean": 0.07771538220551379,
      "r_fix_mean": 0.7654158834586466,
      "delta_mean": 0.6877005012531329,
      "delta_se": 0.03666016927663805
    },
    "3": {
      "n": 111,
      "r_bad_mean": 0.07113899613899614,
      "r_fix_mean": 0.7322534588159587,
      "delta_mean": 0.6611144626769627,
      "delta_se": 0.031515905402041376
    },
    "4": {
      "n": 90,
      "r_bad_mean": 0.0825719246031746,
      "r_fix_mean": 0.6481812169312169,
      "delta_mean": 0.5656092923280424,
      "delta_se": 0.03895751385927495
    },
    "5": {
      "n": 68,
      "r_bad_mean": 0.05593706232492996,
      "r_fix_mean": 0.7329963235294118,
      "delta_mean": 0.6770592612044818,
      "delta_se": 0.04326000347533406
    },
    "6": {
      "n": 41,
      "r_bad_mean": 0.03125,
      "r_fix_mean": 0.6542936991869919,
      "delta_mean": 0.6230436991869919,
      "delta_se": 0.06615106441810541
    }
  },
  "between_bucket_test": {
    "delta_early_mean": 0.6807524935649936,
    "delta_early_std": 0.3472814672469352,
    "delta_late_mean": 0.6148440882034631,
    "delta_late_std": 0.3756341762661703,
    "welch_t": 1.8327103546472767,
    "welch_p": 0.06758998168348707,
    "mann_whitney_U": 22462.5,
    "mann_whitney_p": 0.06922245067239141,
    "cohens_d": 0.18220043812101802,
    "n_early": 185,
    "n_late": 220
  },
  "relative_position_test": {
    "spearman_rho_delta": 0.05905252319497251,
    "spearman_p_delta": 0.23571275574745784,
    "spearman_rho_r_bad": -0.18927538386819645,
    "spearman_p_r_bad": 0.00012709855564550915,
    "median_split_welch_t": -0.27437602581685705,
    "median_split_welch_p": 0.7839443438717596,
    "terciles": {
      "boundaries": [
        0.4,
        0.6
      ],
      "means": [
        0.6012014751552794,
        0.6538181390977442,
        0.6694836214740674
      ],
      "ns": [
        115,
        133,
        157
      ]
    }
  },
  "n_paired_samples": 405
}