{
  "dataset": "CommonsenseQA",
  "by_bucket": {
    "early": {
      "n": 1720,
      "r_bad_mean": 0.12049418604651163,
      "r_bad_se": 0.005780136533597831,
      "r_fix_mean": 0.7146802325581395,
      "r_fix_se": 0.008637310087652637,
      "delta_mean": 0.5941860465116279,
      "delta_se": 0.010106443159488115,
      "delta_ttest_t": 58.77570214590052,
      "delta_ttest_p": 0.0
    },
    "late": {
      "n": 667,
      "r_bad_mean": 0.05922038980509745,
      "r_bad_se": 0.007215241861920996,
      "r_fix_mean": 0.8714392803598201,
      "r_fix_se": 0.010512447218001854,
      "delta_mean": 0.8122188905547226,
      "delta_se": 0.012627168195510855,
      "delta_ttest_t": 64.27488648845956,
      "delta_ttest_p": 9.300861577484821e-288
    }
  },
  "by_tau": {
    "1": {
      "n": 171,
      "r_bad_mean": 0.12719298245614036,
      "r_fix_mean": 0.7359283625730995,
      "delta_mean": 0.608735380116959,
      "delta_se": 0.03020534174894101
    },
    "2": {
      "n": 1311,
      "r_bad_mean": 0.11117467581998475,
      "r_fix_mean": 0.7338625095347063,
      "delta_mean": 0.6226878337147216,
      "delta_se": 0.011485013458816681
    },
    "3": {
      "n": 497,
      "r_bad_mean": 0.09859154929577464,
      "r_fix_mean": 0.8094818913480886,
      "delta_mean": 0.7108903420523138,
      "delta_se": 0.017503788104207715
    },
    "4": {
      "n": 216,
      "r_bad_mean": 0.06481481481481481,
      "r_fix_mean": 0.7427662037037037,
      "delta_mean": 0.6779513888888888,
      "delta_se": 0.02760841006657145
    },
    "5": {
      "n": 95,
      "r_bad_mean": 0.07894736842105263,
      "r_fix_mean": 0.8444078947368421,
      "delta_mean": 0.7654605263157894,
      "delta_se": 0.035296753697023335
    },
    "6": {
      "n": 44,
      "r_bad_mean": 0.1534090909090909,
      "r_fix_mean": 0.6839488636363636,
      "delta_mean": 0.5305397727272727,
      "delta_se": 0.06493426325819976
    },
    "7": {
      "n": 44,
      "r_bad_mean": 0.03409090909090909,
      "r_fix_mean": 0.9367897727272727,
      "delta_mean": 0.9026988636363636,
      "delta_se": 0.03936755765585118
    },
    "8": {
      "n": 8,
      "r_bad_mean": 0.0625,
      "r_fix_mean": 0.91015625,
      "delta_mean": 0.84765625,
      "delta_se": 0.09365840251843231
    },
    "9": {
      "n": 1,
      "r_bad_mean": 0.0,
      "r_fix_mean": 1.0,
      "delta_mean": 1.0,
      "delta_se": 0.0
    }
  },
  "between_bucket_test": {
    "delta_early_mean": 0.5941860465116279,
    "delta_late_mean": 0.8122188905547226,
    "welch_t": -13.473086832097378,
    "welch_p": 3.3443699232746396e-39,
    "mann_whitney_U": 351814.5,
    "mann_whitney_p": 8.915878181170867e-51,
    "cohens_d": -0.580345737663833,
    "n_early": 1720,
    "n_late": 667
  },
  "relative_position_test": {
    "spearman_rho_delta": 0.3931165213638907,
    "spearman_p_delta": 4.739718224101145e-89,
    "spearman_rho_r_bad": -0.23854934579453124,
    "spearman_p_r_bad": 3.087012466285664e-32,
    "median_split_welch_t": -13.473086832097378,
    "median_split_welch_p": 3.3443699232746396e-39,
    "terciles": {
      "boundaries": [
        0.4,
        0.5
      ],
      "means": [
        0.48191034226190477,
        0.5414201183431953,
        0.7428242238033635
      ],
      "ns": [
        672,
        169,
        1546
      ]
    }
  },
  "n_paired_samples": 2387
}