{
  "by_bucket": {
    "early": {
      "mean": 0.05698234349919743,
      "se": 0.006382928386379349,
      "n_samples": 623,
      "ci95_low": 0.04447180386189391,
      "ci95_high": 0.06949288313650095
    },
    "late": {
      "mean": 0.04343033509700176,
      "se": 0.006003413867826699,
      "n_samples": 567,
      "ci95_low": 0.03166364391606143,
      "ci95_high": 0.05519702627794209
    }
  },
  "by_tau": {
    "2": {
      "mean": 0.05814873417721519,
      "se": 0.009167637139239798,
      "n_samples": 316
    },
    "3": {
      "mean": 0.05578175895765472,
      "se": 0.008872701915754283,
      "n_samples": 307
    },
    "4": {
      "mean": 0.05670103092783505,
      "se": 0.011077649584912813,
      "n_samples": 194
    },
    "5": {
      "mean": 0.05070754716981132,
      "se": 0.011016846330856594,
      "n_samples": 212
    },
    "6": {
      "mean": 0.017857142857142856,
      "se": 0.007250666854484323,
      "n_samples": 161
    }
  },
  "total_samples": 1190,
  "total_continuations": 38080
}