{
  "dataset": "MATH-500",
  "by_bucket": {
    "early": {
      "n": 381,
      "r_bad_mean": 0.08005249343832022,
      "r_bad_se": 0.010100179157669975,
      "r_fix_mean": 0.24015748031496062,
      "r_fix_se": 0.01802264766853746,
      "delta_mean": 0.16010498687664043,
      "delta_se": 0.017990703666091543,
      "delta_ttest_t": 8.887631093440007,
      "delta_ttest_p": 2.540057570571474e-17
    },
    "late": {
      "n": 282,
      "r_bad_mean": 0.0425531914893617,
      "r_bad_se": 0.009033413335373155,
      "r_fix_mean": 0.29521276595744683,
      "r_fix_se": 0.02365172126383294,
      "delta_mean": 0.2526595744680851,
      "delta_se": 0.02386988597912583,
      "delta_ttest_t": 10.566083091909992,
      "delta_ttest_p": 3.4133497462046133e-22
    }
  },
  "by_tau": {
    "2": {
      "n": 193,
      "r_bad_mean": 0.10103626943005181,
      "r_fix_mean": 0.25129533678756477,
      "delta_mean": 0.15025906735751296,
      "delta_se": 0.02492571962873353
    },
    "3": {
      "n": 188,
      "r_bad_mean": 0.05851063829787234,
      "r_fix_mean": 0.22872340425531915,
      "delta_mean": 0.1702127659574468,
      "delta_se": 0.025951337509918293
    },
    "4": {
      "n": 123,
      "r_bad_mean": 0.03861788617886179,
      "r_fix_mean": 0.2784552845528455,
      "delta_mean": 0.23983739837398374,
      "delta_se": 0.03583217167480748
    },
    "5": {
      "n": 93,
      "r_bad_mean": 0.06182795698924731,
      "r_fix_mean": 0.3548387096774194,
      "delta_mean": 0.29301075268817206,
      "delta_se": 0.0437806853415705
    },
    "6": {
      "n": 66,
      "r_bad_mean": 0.022727272727272728,
      "r_fix_mean": 0.24242424242424243,
      "delta_mean": 0.2196969696969697,
      "delta_se": 0.045616866582974876
    }
  },
  "between_bucket_test": {
    "delta_early_mean": 0.16010498687664043,
    "delta_late_mean": 0.2526595744680851,
    "welch_t": -3.0914861632196637,
    "welch_p": 0.002091065826736703,
    "mann_whitney_U": 47860.5,
    "mann_whitney_p": 0.00699601710824432,
    "cohens_d": -0.24523111416168658,
    "n_early": 381,
    "n_late": 282
  },
  "relative_position_test": {
    "spearman_rho_delta": 0.1574730037810002,
    "spearman_p_delta": 4.650659808602291e-05,
    "spearman_rho_r_bad": -0.1149650642763577,
    "spearman_p_r_bad": 0.0030321515049818344,
    "median_split_welch_t": -5.1958222085191865,
    "median_split_welch_p": 2.892747067538557e-07,
    "terciles": {
      "boundaries": [
        0.3333333333333333,
        0.5
      ],
      "means": [
        0.12046632124352331,
        0.14516129032258066,
        0.2887323943661972
      ],
      "ns": [
        193,
        186,
        284
      ]
    }
  },
  "n_paired_samples": 663
}